SRR27312786,2023ZN-0001
SRR27312787,2023ZN-0002
SRR27312788,2023ZN-0011
SRR27312789,2023ZN-0012
SRR27312790,2023ZN-0013
SRR27312791,2023ZN-0014
SRR27312792,2023ZN-0015
SRR27312793,2023ZN-0016
SRR27312794,2023ZN-0017
SRR27312795,2023ZN-0003
SRR27312796,2023ZN-0004
SRR27312797,2023ZN-0005
SRR27312798,2023ZN-0006
SRR27312799,2023ZN-0007
SRR27312800,2023ZN-0008
SRR27312801,2023ZN-0009
SRR27312802,2023ZN-0010
SRR27376568,2023ZN-0027
SRR27376569,2023ZN-0026
SRR27376570,2023ZN-0025
SRR27376571,2023ZN-0024
SRR27376572,2023ZN-0023
SRR27376573,2023ZN-0022
SRR27376574,2023ZN-0021
SRR27376575,2023ZN-0020
SRR27376576,2023ZN-0031
SRR27376577,2023ZN-0030
SRR27376578,2023ZN-0029
SRR27376579,2023ZN-0028
SRR27376580,2023ZN-0019
SRR27376581,2023ZN-0018
SRR27481595,2023ZN-0041
SRR27481596,2023ZN-0040
SRR27481597,2023ZN-0039
SRR27481598,2023ZN-0038
SRR27481599,2023ZN-0037
SRR27481600,2023ZN-0036
SRR27481601,2023ZN-0035
SRR27481602,2023ZN-0034
SRR27481603,2023ZN-0047
SRR27481604,2023ZN-0046
SRR27481605,2023ZN-0045
SRR27481606,2023ZN-0044
SRR27481607,2023ZN-0043
SRR27481608,2023ZN-0042
SRR27481609,2023ZN-0033
SRR27481610,2023ZN-0032
SRR27488997,2023ZN-0057
SRR27488998,2023ZN-0056
SRR27488999,2023ZN-0055
SRR27489000,2023ZN-0054
SRR27489001,2023ZN-0053
SRR27489002,2023ZN-0052
SRR27489003,2023ZN-0051
SRR27489004,2023ZN-0050
SRR27489005,2023ZN-0062
SRR27489006,2023ZN-0061
SRR27489007,2023ZN-0060
SRR27489008,2023ZN-0059
SRR27489009,2023ZN-0058
SRR27489010,2023ZN-0049
SRR27489011,2023ZN-0048
SRR28000865,2023ZN-0081
SRR28000866,2023ZN-0080
SRR28000867,2023ZN-0079
SRR28000868,2023ZN-0078
SRR28083225,2023ZN-0091
SRR28083226,2023ZN-0090
SRR28083227,2023ZN-0089
SRR28083228,2023ZN-0086
SRR28083229,2023ZN-0085
SRR28083230,2023ZN-0088
SRR28083231,2023ZN-0087
SRR28083232,2023ZN-0084
SRR28083233,2023ZN-0094
SRR28083234,2023ZN-0093
SRR28083235,2023ZN-0092
SRR28083236,2023ZN-0083
SRR28083237,2023ZN-0082
SRR28093918,2023ZN-0104
SRR28093919,2023ZN-0103
SRR28093920,2023ZN-0102
SRR28093921,2023ZN-0101
SRR28093922,2023ZN-0100
SRR28093923,2023ZN-0099
SRR28093924,2023ZN-0098
SRR28093925,2023ZN-0097
SRR28093926,2023ZN-0106
SRR28093927,2023ZN-0105
SRR28093928,2023ZN-0096
SRR28093929,2023ZN-0095
SRR28127994,2023ZN-0111
SRR28127995,2023ZN-0110
SRR28127996,2023ZN-0109
SRR28127997,2023ZN-0108
SRR28127998,2023ZN-0107
SRR28127999,2023ZN-0119
SRR28128000,2023ZN-0118
SRR28128001,2023ZN-0116
SRR28128002,2023ZN-0113
SRR28128003,2023ZN-0117
SRR28128004,2023ZN-0112
SRR28128005,2023ZN-0115
SRR28128006,2023ZN-0114
SRR28312119,2024ZN-0010
SRR28312120,2024ZN-0009
SRR28312121,2024ZN-0008
SRR28312122,2024ZN-0007
SRR28312123,2024ZN-0194,OH-VH00648-240326
SRR28312124,2024ZN-0005
SRR28312125,2024ZN-0004
SRR28312126,2024ZN-0003
SRR28312127,2024ZN-0018
SRR28312128,2024ZN-0017
SRR28312129,2024ZN-0016
SRR28312130,2024ZN-0015
SRR28312131,2024ZN-0014
SRR28312132,2024ZN-0013
SRR28312133,2024ZN-0012
SRR28312134,2024ZN-0011
SRR28312135,2024ZN-0002
SRR28312136,2024ZN-0001
SRR28357600,2024ZN-0028
SRR28357601,2024ZN-0027
SRR28357602,2024ZN-0026
SRR28357603,2024ZN-0025
SRR28357604,2024ZN-0024
SRR28357605,2024ZN-0023
SRR28357606,2024ZN-0022
SRR28357607,2024ZN-0021
SRR28357608,2024ZN-0038
SRR28357609,2024ZN-0037
SRR28357610,2024ZN-0036
SRR28357611,2024ZN-0035
SRR28357612,2024ZN-0034
SRR28357613,2024ZN-0033
SRR28357614,2024ZN-0032
SRR28357615,2024ZN-0031
SRR28357616,2024ZN-0030
SRR28357617,2024ZN-0029
SRR28357618,2024ZN-0020
SRR28357619,2024ZN-0019
SRR28395768,2024ZN-0039
SRR28759601,2024ZN-0049
SRR28759602,2024ZN-0048
SRR28759603,2024ZN-0047
SRR28759604,2024ZN-0046
SRR28759605,2024ZN-0045
SRR28759606,2024ZN-0044
SRR28759607,2024ZN-0043
SRR28759608,2024ZN-0069
SRR28759609,2024ZN-0068
SRR28759610,2024ZN-0067
SRR28759611,2024ZN-0066
SRR28759612,2024ZN-0065
SRR28759613,2024ZN-0064
SRR28759614,2024ZN-0063
SRR28759615,2024ZN-0062
SRR28759616,2024ZN-0061
SRR28759617,2024ZN-0060
SRR28759618,2024ZN-0042
SRR28759619,2024ZN-0059
SRR28759620,2024ZN-0058
SRR28759621,2024ZN-0057
SRR28759622,2024ZN-0056
SRR28759623,2024ZN-0055
SRR28759624,2024ZN-0054
SRR28759625,2024ZN-0053
SRR28759626,2024ZN-0052
SRR28759627,2024ZN-0051
SRR28759628,2024ZN-0050
SRR28759629,2024ZN-0041
SRR28759630,2024ZN-0040
SRR28797656,2024ZN-0079,OH-VH01632-240202
SRR28797657,2024ZN-0078,OH-VH01632-240202
SRR28797658,2024ZN-0077,OH-VH01632-240202
SRR28797659,2024ZN-0076,OH-VH01632-240202
SRR28797660,2024ZN-0075,OH-VH01632-240202
SRR28797661,2024ZN-0074,OH-VH01632-240202
SRR28797662,2024ZN-0073,OH-VH01632-240202
SRR28797663,2024ZN-0095,OH-VH01632-240202
SRR28797664,2024ZN-0094,OH-VH01632-240202
SRR28797665,2024ZN-0093,OH-VH01632-240202
SRR28797666,2024ZN-0092,OH-VH01632-240202
SRR28797667,2024ZN-0091,OH-VH01632-240202
SRR28797668,2024ZN-0090,OH-VH01632-240202
SRR28797669,2024ZN-0072,OH-VH01632-240202
SRR28797670,2024ZN-0089,OH-VH01632-240202
SRR28797671,2024ZN-0088,OH-VH01632-240202
SRR28797672,2024ZN-0087,OH-VH01632-240202
SRR28797673,2024ZN-0086,OH-VH01632-240202
SRR28797674,2024ZN-0085,OH-VH01632-240202
SRR28797675,2024ZN-0084,OH-VH01632-240202
SRR28797676,2024ZN-0083,OH-VH01632-240202
SRR28797677,2024ZN-0082,OH-VH01632-240202
SRR28797678,2024ZN-0081,OH-VH01632-240202
SRR28797679,2024ZN-0080,OH-VH01632-240202
SRR28797680,2024ZN-0071,OH-VH01632-240202
SRR28797681,2024ZN-0070,OH-VH01632-240202
SRR28822023,2024ZN-0105,OH-VH01632-240202
SRR28822024,2024ZN-0104,OH-VH01632-240202
SRR28822025,2024ZN-0103,OH-VH01632-240202
SRR28822026,2024ZN-0102,OH-VH01632-240202
SRR28822027,2024ZN-0101,OH-VH01632-240202
SRR28822028,2024ZN-0100,OH-VH01632-240202
SRR28822029,2024ZN-0099,OH-VH01632-240202
SRR28822030,2024ZN-0098,OH-VH01632-240202
SRR28822031,2023ZN-0064,OH-VH01632-240202
SRR28822032,2023ZN-0063,OH-VH01632-240202
SRR28822033,2024ZN-0113,OH-VH01632-240202
SRR28822034,2024ZN-0112,OH-VH01632-240202
SRR28822035,2024ZN-0111,OH-VH01632-240202
SRR28822036,2024ZN-0110,OH-VH01632-240202
SRR28822037,2024ZN-0108,OH-VH01632-240202
SRR28822038,2024ZN-0107,OH-VH01632-240202
SRR28822039,2024ZN-0106,OH-VH01632-240202
SRR28822040,2024ZN-0097,OH-VH01632-240202
SRR28822041,2024ZN-0096,OH-VH01632-240202
SRR28824190,2023ZN-0076,OH-VH01632-240202
SRR28824191,2023ZN-0075,OH-VH01632-240202
SRR28824192,2023ZN-0074,OH-VH01632-240202
SRR28824193,2023ZN-0073,OH-VH01632-240202
SRR28824194,2023ZN-0072,OH-VH01632-240202
SRR28824195,2023ZN-0071,OH-VH01632-240202
SRR28824196,2023ZN-0068,OH-VH01632-240202
SRR28824197,2024ZN-0126,OH-VH01632-240202
SRR28824198,2024ZN-0125,OH-VH01632-240202
SRR28824199,2024ZN-0124,OH-VH01632-240202
SRR28824200,2024ZN-0123,OH-VH01632-240202
SRR28824201,2023ZN-0067,OH-VH01632-240202
SRR28824202,2024ZN-0122,OH-VH01632-240202
SRR28824203,2024ZN-0121,OH-VH01632-240202
SRR28824204,2024ZN-0120,OH-VH01632-240202
SRR28824205,2024ZN-0119,OH-VH01632-240202
SRR28824206,2024ZN-0118,OH-VH01632-240202
SRR28824207,2024ZN-0117,OH-VH01632-240202
SRR28824208,2024ZN-0116,OH-VH01632-240202
SRR28824209,2024ZN-0115,OH-VH01632-240202
SRR28824210,2024ZN-0114,OH-VH01632-240202
SRR28824211,2023ZN-0077,OH-VH01632-240202
SRR28824212,2023ZN-0066,OH-VH01632-240202
SRR28824213,2023ZN-0065,OH-VH01632-240202
SRR28825088,2024ZN-0136
SRR28825089,2024ZN-0135
SRR28825090,2024ZN-0134
SRR28825091,2024ZN-0133
SRR28825092,2024ZN-0132
SRR28825093,2024ZN-0131
SRR28825094,2024ZN-0130
SRR28825095,2024ZN-0129
SRR28825096,2024ZN-0138
SRR28825097,2024ZN-0137
SRR28825098,2024ZN-0128
SRR28825099,2024ZN-0127
SRR28996661,2023ZN-0070
SRR28996662,2023ZN-0069
SRR29021537,2024ZN-0151
SRR29021538,2024ZN-0150
SRR29021539,2024ZN-0149
SRR29021540,2024ZN-0148
SRR29021541,2024ZN-0147
SRR29021542,2024ZN-0146
SRR29021543,2024ZN-0145
SRR29021544,2024ZN-0144
SRR29021545,2024ZN-0152
SRR29021546,2024ZN-0143
SRR29021547,2024ZN-0142
SRR29120354,2024ZN-0161
SRR29120355,2024ZN-0160
SRR29120356,2024ZN-0159
SRR29120357,2024ZN-0158
SRR29120358,2024ZN-0157
SRR29120359,2024ZN-0156
SRR29120360,2024ZN-0155
SRR29120361,2024ZN-0154
SRR29120362,2024ZN-0153
SRR29282332,2024ZN-0183
SRR29327166,2024ZN-0171,OH-VH00648-240301
SRR29327167,2024ZN-0170,OH-VH00648-240301
SRR29327168,2024ZN-0169,OH-VH00648-240301
SRR29327169,2024ZN-0168,OH-VH00648-240301
SRR29327170,2024ZN-0167,OH-VH00648-240301
SRR29327171,2024ZN-0166,OH-VH00648-240301
SRR29327172,2024ZN-0165,OH-VH00648-240301
SRR29327173,2024ZN-0164,OH-VH00648-240301
SRR29327174,2024ZN-0181,OH-VH00648-240301
SRR29327175,2024ZN-0180,OH-VH00648-240301
SRR29327176,2024ZN-0179,OH-VH00648-240301
SRR29327177,2024ZN-0178,OH-VH00648-240301
SRR29327178,2024ZN-0177,OH-VH00648-240301
SRR29327179,2024ZN-0176,OH-VH00648-240301
SRR29327180,2024ZN-0175,OH-VH00648-240301
SRR29327181,2024ZN-0174,OH-VH00648-240301
SRR29327182,2024ZN-0173,OH-VH00648-240301
SRR29327183,2024ZN-0172,OH-VH00648-240301
SRR29327184,2024ZN-0163,OH-VH00648-240301
SRR29327185,2024ZN-0162,OH-VH00648-240301
SRR29468024,2024ZN-0200,OH-VH00648-240326
SRR29468025,2024ZN-0199,OH-VH00648-240326
SRR29468026,2024ZN-0198,OH-VH00648-240326
SRR29468027,2024ZN-0202,OH-VH00648-240326
SRR29468028,2024ZN-0201,OH-VH00648-240326
SRR29501340,2024ZN-0210,OH-VH01632-240605
SRR29501341,2024ZN-0209,OH-VH01632-240605
SRR29501342,2024ZN-0208,OH-VH01632-240605
SRR29501343,2024ZN-0207,OH-VH01632-240605
SRR29501344,2024ZN-0205,OH-VH01632-240605
SRR29501345,2024ZN-0204,OH-VH01632-240605
SRR29501346,2024ZN-0187,OH-VH01632-240605
SRR29501347,2024ZN-0186,OH-VH01632-240605
SRR29501348,2024ZN-0185,OH-VH01632-240605
SRR29501349,2024ZN-0184,OH-VH01632-240605
SRR29656108,2024ZN-0211,OH-VH01632-240605
SRR29656108,2024ZN-0211,OH-VH01632-240605
SRR29667698,2024ZN-0212,OH-VH00648-240614
SRR29667697,2024ZN-0213,OH-VH00648-240614
SRR29694595,2024ZN-0214,OH-VH00648-240614
SRR29694594,2024ZN-0215,OH-VH00648-240614
SRR29409437,2024ZN-0195SRR29705316,2024ZN-0216,OH-VH00648-240301
SRR29705315,2024ZN-0217,OH-VH00648-240301
SRR29705309,2024ZN-0218,OH-VH00648-240301
SRR29705308,2024ZN-0219,OH-VH00648-240301
SRR29705307,2024ZN-0220,OH-VH00648-240301
SRR29705306,2024ZN-0221,OH-VH00648-240301
SRR29705305,2024ZN-0222,OH-VH00648-240301
SRR29705304,2024ZN-0223,OH-VH00648-240301
SRR29705303,2024ZN-0224,OH-VH00648-240301
SRR29705302,2024ZN-0225,OH-VH00648-240301
SRR29705314,2024ZN-0226,OH-VH00648-240301
SRR29705313,2024ZN-0227,OH-VH00648-240301
SRR29705312,2024ZN-0228,OH-VH00648-240301
SRR29705311,2024ZN-0229,OH-VH00648-240301
SRR29705310,2024ZN-0230,OH-VH00648-240301
SRR29763017,2024ZN-0232,OH-VH00648-240326
SRR29763016,2024ZN-0233,OH-VH00648-240326
SRR29763012,2024ZN-0234,OH-VH00648-240326
SRR29763011,2024ZN-0235,OH-VH00648-240326
SRR29763010,2024ZN-0236,OH-VH00648-240326
SRR29763009,2024ZN-0237,OH-VH00648-240326
SRR29763008,2024ZN-0238,OH-VH00648-240326
SRR29763007,2024ZN-0239,OH-VH00648-240326
SRR29763006,2024ZN-0240,OH-VH00648-240326
SRR29763005,2024ZN-0241,OH-VH00648-240326
SRR29763015,2024ZN-0242,OH-VH00648-240326
SRR29763014,2024ZN-0243,OH-VH00648-240326
SRR29763013,2024ZN-0231,OH-VH00648-240326
SRR29409435,2024ZN-0203,OH-VH01632-240605
SRR29845879,2024ZN-0244,OH-VH01632-240329
SRR29845878,2024ZN-0245,OH-VH01632-240329
SRR29845877,2024ZN-0246,OH-VH01632-240329
SRR29849654,2024ZN-0250,OH-VH01632-240329
SRR29849653,2024ZN-0251,OH-VH01632-240329
SRR29849652,2024ZN-0252,OH-VH01632-240329
SRR29849651,2024ZN-0253,OH-VH01632-240329
SRR29849650,2024ZN-0254,OH-VH01632-240329
SRR29849649,2024ZN-0255,OH-VH01632-240329
SRR29409436,2024ZN-0196,
SRR29858997,2024ZN-0259,OH-VH01632-240223
SRR29858996,2024ZN-0260,OH-VH01632-240223
SRR29858995,2024ZN-0261,OH-VH01632-240223
SRR29858994,2024ZN-0262,OH-VH01632-240223
SRR29858993,2024ZN-0263,OH-VH01632-240223
SRR29858992,2024ZN-0264,OH-VH01632-240223
SRR29858991,2024ZN-0265,OH-VH01632-240223
SRR29858990,2024ZN-0266,OH-VH01632-240223
SRR29858989,2024ZN-0267,OH-VH01632-240223
SRR29858988,2024ZN-0268,OH-VH01632-240223
